train_row,fold
0,1
1,3
2,3
3,2
4,2
5,4
6,1
7,4
8,3
9,4
10,4
11,3
12,4
13,4
14,4
15,3
16,5
17,3
18,3
19,3
20,1
21,4
22,3
23,4
24,5
25,3
26,5
27,1
28,1
29,4
30,3
31,4
32,5
33,5
34,5
35,4
36,4
37,3
38,2
39,3
40,1
41,3
42,2
43,5
44,2
45,5
46,2
47,5
48,2
49,4
50,5
51,2
52,5
53,2
54,2
55,1
56,5
57,1
58,4
59,1
60,5
61,5
62,1
63,5
64,4
65,2
66,2
67,1
68,2
69,3
70,2
71,4
72,3
73,5
74,2
75,2
76,4
77,1
78,1
79,4
80,5
81,4
82,3
83,2
84,5
85,4
86,5
87,4
88,3
89,5
90,5
91,3
92,5
93,1
94,1
95,5
96,2
97,4
98,3
99,4
100,5
101,1
102,3
103,2
104,1
105,4
106,3
107,1
108,4
109,3
110,1
111,5
112,2
113,2
114,1
115,3
116,1
117,2
118,4
119,2
120,2
121,3
122,5
123,3
124,4
125,1
126,2
127,2
128,3
129,4
130,1
131,5
132,4
133,3
134,2
135,5
136,5
137,3
138,1
139,4
140,2
141,1
142,4
143,3
144,1
145,2
146,5
147,1
148,3
149,2
150,1
151,2
152,3
153,1
154,4
155,3
156,3
157,1
158,3
159,2
160,5
161,2
162,3
163,5
164,1
165,3
166,5
167,3
168,2
169,2
170,3
171,5
172,1
173,5
174,1
175,3
176,4
177,2
178,1
179,4
180,2
181,5
182,4
183,4
184,5
185,5
186,3
187,5
188,3
189,4
190,4
191,1
192,2
193,5
194,2
195,5
196,4
197,2
198,2
199,1
200,1
201,3
202,4
203,4
204,3
205,5
206,2
207,1
208,2
209,1
210,3
211,2
212,1
213,1
214,1
215,5
216,4
217,1
218,4
219,4
220,4
221,1
222,3
223,3
224,4
225,2
226,5
227,5
228,2
229,5
230,5
231,1
232,2
233,4
234,4
235,1
236,2
237,3
238,4
239,5
240,1
241,2
242,3
243,2
244,1
245,1
246,4
247,1
248,3
249,4
250,1
251,4
252,2
253,4
254,4
255,5
256,5
257,1
258,5
259,2
260,5
261,4
262,5
263,5
264,4
265,2
266,4
267,5
268,3
269,1
270,4
271,2
272,2
273,3
274,4
275,3
276,5
277,4
278,2
279,1
280,5
281,3
282,2
283,4
284,4
285,1
286,2
287,1
288,2
289,4
290,5
291,5
292,5
293,2
294,2
295,1
296,1
297,5
298,4
299,3
300,2
301,1
302,5
303,4
304,3
305,5
306,5
307,5
308,5
309,5
310,5
311,1
312,1
313,1
314,2
315,1
316,4
317,3
318,2
319,1
320,2
321,4
322,4
323,3
324,2
325,3
326,5
327,2
328,1
329,3
330,1
331,1
332,2
333,1
334,1
335,3
336,3
337,5
338,1
339,4
340,5
341,3
342,3
343,5
344,5
345,4
346,4
347,5
348,1
349,3
350,4
351,4
352,5
353,5
354,5
355,3
356,5
357,3
358,2
359,3
360,5
361,1
362,3
363,5
364,2
365,4
366,1
367,1
368,2
369,5
370,2
371,1
372,1
373,4
374,4
375,4
376,5
377,5
378,3
379,4
380,2
381,4
382,4
383,3
384,2
385,4
386,2
387,2
388,1
389,2
390,3
391,4
392,5
393,3
394,2
395,5
396,1
397,3
398,3
399,4
400,5
401,5
402,3
403,2
404,3
405,3
406,2
407,3
408,2
409,4
410,4
411,3
412,3
413,2
414,5
415,5
416,2
417,1
418,1
419,2
420,3
421,2
422,4
423,1
424,3
425,4
426,5
427,4
428,1
429,5
430,1
431,4
432,1
433,2
434,5
435,3
436,2
437,2
438,1
439,4
440,4
441,2
442,3
443,5
444,5
445,1
446,2
447,3
448,4
449,4
450,4
451,4
452,3
453,1
454,5
455,1
456,2
457,1
458,1
459,1
460,3
461,3
462,4
463,1
464,2
465,5
466,5
467,4
468,4
469,4
470,3
471,3
472,2
473,4
474,5
475,4
476,1
477,4
478,5
479,3
480,4
481,5
482,3
483,3
484,5
485,5
486,5
487,5
488,3
489,1
490,4
491,3
492,2
493,4
494,5
495,4
496,3
497,1
498,1
499,4
500,3
501,2
502,2
503,1
504,5
505,1
506,1
507,3
508,1
509,2
510,3
511,4
512,5
513,5
514,3
515,4
516,5
517,5
518,3
519,3
520,2
521,5
522,5
523,1
524,2
525,1
526,5
527,5
528,3
529,5
530,5
531,2
532,5
533,1
534,4
535,2
536,5
537,3
538,5
539,5
540,4
541,1
542,4
543,5
544,1
545,1
546,5
547,5
548,5
549,4
550,2
551,3
552,5
553,1
554,4
555,1
556,2
557,3
558,1
559,2
560,3
561,2
562,3
563,3
564,3
565,4
566,2
567,2
568,5
569,2
570,4
571,4
572,2
573,4
574,3
575,2
576,1
577,5
578,3
579,4
580,3
581,4
582,4
583,3
584,5
585,3
586,2
587,5
588,2
589,1
590,5
591,2
592,2
593,2
594,5
595,3
596,1
597,1
598,4
599,2
600,1
601,2
602,1
603,2
604,1
605,2
606,4
607,5
608,4
609,3
610,3
611,3
612,4
613,4
614,3
615,5
616,1
617,3
618,2
619,1
620,5
621,3
622,2
623,1
624,4
625,4
626,3
627,3
628,5
629,2
630,3
631,2
632,3
633,4
634,2
635,5
636,1
637,3
638,2
639,3
640,3
641,4
642,5
643,2
644,4
645,2
646,1
647,1
648,3
649,4
650,2
651,3
652,1
653,4
654,3
655,2
656,4
657,2
658,3
659,3
660,5
661,5
662,2
663,1
664,5
665,3
666,5
667,3
668,1
669,5
670,3
671,3
672,4
673,5
674,1
675,1
676,3
677,3
678,2
679,3
680,4
681,4
682,1
683,4
684,4
685,4
686,5
687,2
688,4
689,2
690,2
691,5
692,4
693,2
694,2
695,2
696,1
697,2
698,4
699,4
700,5
701,5
702,1
703,1
704,2
705,1
706,3
707,3
708,2
709,5
710,1
711,1
712,3
713,1
714,1
715,5
716,2
717,2
718,1
719,2
720,3
721,1
722,3
723,4
724,3
725,2
726,2
727,5
728,5
729,4
730,2
731,1
732,3
733,3
734,1
735,1
736,4
737,1
738,2
739,1
740,4
741,4
742,1
743,5
744,1
745,1
746,1
747,2
748,5
749,4
750,1
751,1
752,1
753,2
754,2
755,1
756,3
757,3
758,4
759,2
760,2
761,3
762,1
763,1
