model,fold,fit_seconds,accuracy,precision_macro,recall_macro,f1_macro
baseline_word_lr,1,0.2162475003860891,0.9477124183006536,0.948953823953824,0.9471282372598162,0.9472762271365505
baseline_word_lr,2,0.09450419992208481,0.9084967320261438,0.9116275029318508,0.9023496240601503,0.9043095340564145
baseline_word_lr,3,0.10645759990438819,0.9281045751633987,0.9291373814972212,0.9279135338345864,0.9276020077849347
baseline_word_lr,4,0.09593030018731952,0.868421052631579,0.893092105263158,0.8592261904761904,0.8645899381786479
baseline_word_lr,5,0.07549319975078106,0.8823529411764706,0.8997506117071334,0.8719350459482038,0.8778659544284544
exp1_word_bigrams_lr,1,0.12811449961736798,0.9607843137254902,0.96208988380041,0.9590329991645781,0.9598951588178235
exp1_word_bigrams_lr,2,0.1645631999708712,0.8954248366013072,0.8964426877470355,0.8856829573934837,0.8870849112128182
exp1_word_bigrams_lr,3,0.17338899988681078,0.9281045751633987,0.9299159303029272,0.9247702589807854,0.9263667890656875
exp1_word_bigrams_lr,4,0.1344000999815762,0.8552631578947368,0.8865079365079365,0.8439484126984127,0.8488135816362601
exp1_word_bigrams_lr,5,0.18276900006458163,0.9019607843137255,0.916451969083548,0.8927683792815372,0.8987181029603435
exp2_word_bigrams_svc,1,0.06424639979377389,0.9607843137254902,0.96208988380041,0.9590329991645781,0.9598951588178235
exp2_word_bigrams_svc,2,0.08088009990751743,0.9019607843137255,0.9057230214960478,0.8960996240601504,0.8984732995762408
exp2_word_bigrams_svc,3,0.08594190003350377,0.954248366013072,0.9552717019822283,0.9535714285714285,0.953766114513738
exp2_word_bigrams_svc,4,0.08070480031892657,0.9078947368421053,0.9293425978208587,0.8971230158730159,0.9016198231328805
exp2_word_bigrams_svc,5,0.053923700004816055,0.9411764705882353,0.9466297702424704,0.9392909356725145,0.9419296680434092
exp3_char_svc,1,0.1452162000350654,0.9673202614379085,0.9696428571428571,0.9659774436090225,0.967079884184594
exp3_char_svc,2,0.15448290016502142,0.9411764705882353,0.938994461420932,0.9367063492063492,0.9372277585744785
exp3_char_svc,3,0.1860356000252068,0.9673202614379085,0.9677717019822283,0.9678571428571427,0.9672197970801204
exp3_char_svc,4,0.19925389997661114,0.9407894736842105,0.945116930171278,0.9353174603174603,0.9377512594617857
exp3_char_svc,5,0.13140669977292418,0.9477124183006536,0.9463075301891091,0.9419016290726816,0.9431784780062238
